{"stats":{"minecraft:picked_up":{"minecraft:dirt":7},"minecraft:mined":{"minecraft:short_grass":1,"minecraft:grass_block":7},"minecraft:used":{"minecraft:dirt":7},"minecraft:custom":{"minecraft:jump":164,"minecraft:time_since_rest":19250,"minecraft:damage_taken":80,"minecraft:leave_game":3,"minecraft:crouch_one_cm":797,"minecraft:sprint_one_cm":12461,"minecraft:play_time":19250,"minecraft:time_since_death":19250,"minecraft:walk_on_water_one_cm":496,"minecraft:walk_one_cm":5965,"minecraft:sneak_time":150,"minecraft:total_world_time":19250,"minecraft:walk_under_water_one_cm":258,"minecraft:fall_one_cm":8086,"minecraft:fly_one_cm":45353}},"DataVersion":3839}