{"stats":{"minecraft:picked_up":{"minecraft:dirt":7},"minecraft:custom":{"minecraft:jump":153,"minecraft:time_since_rest":12915,"minecraft:walk_on_water_one_cm":496,"minecraft:crouch_one_cm":666,"minecraft:play_time":12915,"minecraft:leave_game":2,"minecraft:sprint_one_cm":12189,"minecraft:damage_taken":80,"minecraft:time_since_death":12915,"minecraft:walk_one_cm":5440,"minecraft:sneak_time":113,"minecraft:total_world_time":12915,"minecraft:walk_under_water_one_cm":258,"minecraft:fall_one_cm":8086,"minecraft:fly_one_cm":31932},"minecraft:mined":{"minecraft:short_grass":1,"minecraft:grass_block":7},"minecraft:used":{"minecraft:dirt":7}},"DataVersion":3839}