{"stats":{"minecraft:dropped":{"minecraft:wheat_seeds":1},"minecraft:used":{"minecraft:sand":1},"minecraft:mined":{"minecraft:short_grass":17,"minecraft:grass_block":1,"minecraft:sand":1,"minecraft:fern":5},"minecraft:custom":{"minecraft:time_since_rest":3228,"minecraft:crouch_one_cm":5,"minecraft:play_time":4630,"minecraft:sprint_one_cm":12460,"minecraft:walk_one_cm":7078,"minecraft:damage_taken":420,"minecraft:deaths":1,"minecraft:sneak_time":402,"minecraft:walk_under_water_one_cm":4031,"minecraft:drop":1,"minecraft:jump":167,"minecraft:damage_dealt":16,"minecraft:leave_game":1,"minecraft:time_since_death":3204,"minecraft:walk_on_water_one_cm":625,"minecraft:climb_one_cm":3803,"minecraft:total_world_time":4630,"minecraft:swim_one_cm":15330,"minecraft:fly_one_cm":32927,"minecraft:fall_one_cm":7433},"minecraft:picked_up":{"minecraft:wheat_seeds":1,"minecraft:sand":1}},"DataVersion":3700}